<?xml version="1.0" encoding="UTF-8"?>
<project-private xmlns="http://www.netbeans.org/ns/project-private/1">
    <editor-bookmarks xmlns="http://www.netbeans.org/ns/editor-bookmarks/2" lastBookmarkId="0"/>
    <open-files xmlns="http://www.netbeans.org/ns/projectui-open-files/2">
        <group>
            <file>file:/C:/Users/Klinn/Documents/NetBeansProjects/software1/src/App/Controller/ProductAddController.java</file>
            <file>file:/C:/Users/Klinn/Documents/NetBeansProjects/software1/src/App/MainApp.java</file>
            <file>file:/C:/Users/Klinn/Documents/NetBeansProjects/software1/src/App/View/MainController.java</file>
            <file>file:/C:/Users/Klinn/Documents/NetBeansProjects/software1/src/App/Model/Product.java</file>
            <file>file:/C:/Users/Klinn/Documents/NetBeansProjects/software1/src/App/Controller/ProductModifyController.java</file>
        </group>
    </open-files>
</project-private>
